;emotions;true_preds;false_preds;accuracy
0;rage;303;440;0.4078061911170929
1;disgust;0;82;0.0
2;fear;185;583;0.24088541666666666
3;happiness;1120;228;0.8308605341246291
4;sadness;461;450;0.5060373216245884
5;surprise;424;177;0.7054908485856906
6;neutral;558;372;0.6
