;emotions;true_preds;false_preds;accuracy
0;rage;358;385;0.48183041722745623
1;disgust;41;41;0.5
2;fear;339;429;0.44140625
3;happiness;1104;244;0.8189910979228486
4;sadness;460;451;0.5049396267837541
5;surprise;439;162;0.7304492512479202
6;neutral;538;392;0.578494623655914
